reg_no,product,manufacturer,holder,status
MAL19964378X,Paracetamol 500mg Tablet,Generic Pharma Sdn Bhd,Generic Pharma Sdn Bhd,active
MAL20011456A,Amoxicillin 250mg Capsule,BioSynergy Labs,BioSynergy Labs Sdn Bhd,active
MAL20067890B,Ibuprofen 400mg Tablet,Medisafe Manufacturing,Medisafe Manufacturing Sdn Bhd,active
MAL20121234C,Metformin 500mg Tablet,BioSynergy Labs,BioSynergy Labs Sdn Bhd,active
MAL20134567D,Cetirizine 10mg Tablet,Apex Healthcare,Apex Healthcare Berhad,active
MAL20145678E,Salbutamol Inhaler 100mcg,Ventolin Pharma,GSK Malaysia Sdn Bhd,active
MAL20156789F,Atorvastatin 20mg Tablet,Duopharma Biotech,Duopharma Biotech Berhad,active
MAL20167890G,Omeprazole 20mg Capsule,Kotra Pharma,Kotra Pharma (M) Sdn Bhd,active
MAL20178901H,Diclofenac 50mg Tablet,CCM Pharmaceuticals,CCM Duopharma Biotech,active
MAL20189012I,Simvastatin 20mg Tablet,Pharmaniaga,Pharmaniaga Berhad,active
MAL20201234J,Chlorpheniramine 4mg Tablet,Medisafe Manufacturing,Medisafe Manufacturing Sdn Bhd,active
MAL20212345K,Loratadine 10mg Tablet,Apex Healthcare,Apex Healthcare Berhad,active
